Project,Sample CiASOM/SLF ID,Sample MOSAiC ID/ Workplace Code,PS Operation Device/Lable on Bottle,Leg,Week,Location,Ice Type,Lat,Lon,Media Type,Date,Time,Week_MOSAiC,Air_Temp,In Core Temp (°C),Sample Depth (cm),Depth_From,Depth_To,Mean_Depth,Layer,Temperature_water,Salinity,d18O,dD,d_excess,Daily_Hl,Comments,,,,,,,,,,,,,,,,,,,,,,,,,,,,,,,,,,,,,,,,,,,,
SLF,M11458,,PS122-1_4-10,1,4,snow1-A1,,85.44,128.20,Snow,25/10/19,1:15,4,-20.8,,,0,,,Top,18.2,,-3.57,-30.0,-1.4,-1.298610657,,,,,,,,,,,,,,,,,,,,,,,,,,,,,,,,,,,,,,,,,,,,,
CiASOM,,,122/1_4,1,4,Profile top,,85.45,127.89,Snow,25/10/19,,4,-20.8,,,,,,Top,,,-20.69,-148.6,16.9,-1.298610657,,,,,,,,,,,,,,,,,,,,,,,,,,,,,,,,,,,,,,,,,,,,,
CiASOM,M11459,,PS122-1_5-5,1,5,snow1-A1,,85.54,126.48,Snow,28/10/19,1:00,5,-14.4,,,26,,,Top,14.6,,-26.12,-186.0,23.0,1.882067019,"Slight snowfall, drifting snow, blowing snow",,,,,,,,,,,,,,,,,,,,,,,,,,,,,,,,,,,,,,,,,,,,
CiASOM,,510250,122_1_5,1,5,BGC Site,,85.59,126.14,Snow,28/10/19,,5,-14.4,,,,,,Top,18.2,,-21.99,-165.6,10.3,1.882067019,CAR0001 snowpid david,,,,,,,,,,,,,,,,,,,,,,,,,,,,,,,,,,,,,,,,,,,,
CiASOM,,510252,122_1_5,1,5,BGC Site,,85.59,126.14,Snow,28/10/19,,5,-14.4,,,,,,Top,18.2,,-21.80,-164.3,10.1,1.882067019,,,,,,,,,,,,,,,,,,,,,,,,,,,,,,,,,,,,,,,,,,,,,
CiASOM,,510228,PS122/1_5-93,1,5,SYI_mc,,85.59,126.14,Snow,28/10/19,,5,-14.4,,,,,,Top,18.4,0,-16.16,-117.2,12.0,1.882067019,,,,,,,,,,,,,,,,,,,,,,,,,,,,,,,,,,,,,,,,,,,,,
CiASOM,,510286,122/1_5_,1,5,BGC_1,,85.73,124.26,Snow,30/10/19,,5,-16.8,,0-4.5 cm,0,4.5,2.25,Top,18.3,,-14.50,-103.5,12.6,0.646458856,,,,,,,,,,,,,,,,,,,,,,,,,,,,,,,,,,,,,,,,,,,,,
CiASOM,,510315,PS122/1_5-95 snow_sampler_metal,1,5,BGC_2,,85.86,122.40,Snow,02/11/19,,5,-20.2,,0-6,0,6,3,Top,18.4,0,-24.14,-173.0,20.1,0.429472672,,,,,,,,,,,,,,,,,,,,,,,,,,,,,,,,,,,,,,,,,,,,,
CiASOM,M11462,,PS122-1_6-6,1,6,snow1-A5,,85.94,120.12,Snow,04/11/19,6:14,6,-16.7,,,8,5,6.5,Top,14.7,,-16.55,-114.8,17.6,0.158266715,,,,,,,,,,,,,,,,,,,,,,,,,,,,,,,,,,,,,,,,,,,,,
CiASOM,,510373,PS122-1_6-34 (was 122-1-6-7 before),1,6,FYI_mc,,85.95,119.75,Snow,04/11/19,,6,-16.7,,0-4.5,0,4.5,2.25,Top,18.9,1,-15.10,-106.2,14.6,0.158266715, ,,,,,,,,,,,,,,,,,,,,,,,,,,,,,,,,,,,,,,,,,,,,
CiASOM,,510375,122-1-6-10,1,6,FYI,,85.95,119.75,Snow,04/11/19,,6,-16.7,,0-4,0,4,2,Top,19.6,0,-14.77,-107.2,11.0,0.158266715,,,,,,,,,,,,,,,,,,,,,,,,,,,,,,,,,,,,,,,,,,,,,
CiASOM,,510401,PS122/1_6-140 snow_sampler_metal,1,6,BGC_3,,85.92,117.45,Snow,06/11/19,,6,-24.0,,12-18,12,18,15,Top,19.1,,-14.90,-106.5,12.6,0.426082498,fitting were open,,,,,,,,,,,,,,,,,,,,,,,,,,,,,,,,,,,,,,,,,,,,
CiASOM,,510435,PS122-1_6-61,1,6,BGC_1,,85.92,116.64,Snow,07/11/19,,6,-23.4,,0-4,0,4,2,Top,18.7,13.4,-14.98,-113.5,6.4,-0.628134682,S = 38.9,,,,,,,,,,,,,,,,,,,,,,,,,,,,,,,,,,,,,,,,,,,,
CiASOM,,510519,PS122/1_6-136 snow_sampler_metal,1,6,BGC_2,,85.83,116.15,Snow,10/11/19,,6,-26.6,,0-5,0,5,2.5,Top,19.4,0,-19.10,-135.5,17.3,-0.326854609,,,,,,,,,,,,,,,,,,,,,,,,,,,,,,,,,,,,,,,,,,,,,
CiASOM,M11465,,PS122-1_7-12,1,7,snow1-A3,,85.88,116.47,Snow,11/11/19,6:28,7,-22.6,,,,,,Top,15.6,,-26.34,-198.6,12.1,1.077849976,a3 pit snow1 fyi-lead,,,,,,,,,,,,,,,,,,,,,,,,,,,,,,,,,,,,,,,,,,,,
CiASOM,,510594,PS122/1_7-106 snow_sampler_metal,1,7,SYI_mc,,85.92,116.66,Snow,11/11/19,,7,-22.6,,0-4,0,4,2,Top,14.5,0,-20.73,-148.0,17.9,1.077849976,data with Mike,,,,,,,,,,,,,,,,,,,,,,,,,,,,,,,,,,,,,,,,,,,,
CiASOM,,510593,PS122/1_7-105 snow_sampler_metal,1,7,FYI_mc,,85.92,116.66,Snow,11/11/19,,7,-22.6,,10-13cm,10,13,11.5,Top,14.2,0,-20.16,-148.7,12.6,1.077849976,data with Mike,,,,,,,,,,,,,,,,,,,,,,,,,,,,,,,,,,,,,,,,,,,,
CiASOM,,510576,122/1_7,1,7,,,86.17,118.24,Snow,14/11/19,,7,-13.7,,0-6 cm,0,6,3,Top,13.4,,-11.45,-88.2,3.4,1.075268552,,,,,,,,,,,,,,,,,,,,,,,,,,,,,,,,,,,,,,,,,,,,,
CiASOM,,510646,PS122/1_7-89 snow_sampler_metal,1,7,BGC_2,,86.19,118.62,Snow,15/11/19,,7,-17.4,,18-27cm,18,27,22.5,Top,15.5,0,-19.41,-149.2,6.1,-0.227553791,,,,,,,,,,,,,,,,,,,,,,,,,,,,,,,,,,,,,,,,,,,,,
CiASOM,,510691,122/1_,1,8,BGC_1,,85.79,120.81,Snow,19/11/19,,8,-7.3,,0-4cm,0,4,2,Top,15.8,,-14.93,-110.5,8.9,,,,,,,,,,,,,,,,,,,,,,,,,,,,,,,,,,,,,,,,,,,,,,
CiASOM,,510683,PS122/1_8-24 snow_sampler_metal,1,8,BGC_1,,85.79,120.81,Snow,19/11/19,,8,-7.3,,0-4 cm,0,4,2,Top,15.4,14.9,-14.23,-104.0,9.8,,,,,,,,,,,,,,,,,,,,,,,,,,,,,,,,,,,,,,,,,,,,,,
CiASOM,,510684,PS122/1_8-24 snow_sampler_metal,1,8,BGC_1,,85.79,120.81,Snow,19/11/19,,8,-7.3,,4-8 cm,4,8,6,Top,14.6,7.1,-8.89,-69.2,1.9,,,,,,,,,,,,,,,,,,,,,,,,,,,,,,,,,,,,,,,,,,,,,,
CiASOM,,511746,PS122-1_8-33,1,8,SYI,,85.76,121.43,Snow,20/11/19,,8,-15.6,,0-3.5,0,3.5,1.75,Top,17,0,-15.87,-114.9,12.0,,,,,,,,,,,,,,,,,,,,,,,,,,,,,,,,,,,,,,,,,,,,,,
CiASOM,M11470,,PS122-1_8-79,1,8,ds-coring-A7,,85.73,120.78,Snow,22/11/19,7:58,8,-16.5,,,0,,0,Top,17.5,,-6.53,-54.1,-1.8,,a pit dark coring: ok,,,,,,,,,,,,,,,,,,,,,,,,,,,,,,,,,,,,,,,,,,,,
CiASOM,,511782,PS122-1_8-110,1,8,BGC_2,,85.75,120.59,Snow,23/11/19,,8,-20.9,,0-5cm,0,5,2.5,Top,17.5,0,-19.55,-144.0,12.5,,lower part very hard and icy,,,,,,,,,,,,,,,,,,,,,,,,,,,,,,,,,,,,,,,,,,,,
CiASOM,,510750,PS122/1_9-31 snow_sampler_metal,1,9,SYI_mc,,86.05,120.50,Snow,25/11/19,,9,-22.4,,0-5,0,5,2.5,Top,14.9,0,-16.65,-118.1,15.2,-1.318701129,,,,,,,,,,,,,,,,,,,,,,,,,,,,,,,,,,,,,,,,,,,,,
CiASOM,,510749,122/1_9,1,9,FYI Site,,86.05,120.50,Snow,25/11/19,,9,-22.4,,0-5 cm,0,5,2.5,Top,14.5,,-13.60,-95.0,13.8,-1.318701129,,,,,,,,,,,,,,,,,,,,,,,,,,,,,,,,,,,,,,,,,,,,,
CiASOM,,510771,PS122/1_9-23 Snowpit B,1,9,SNOW 1,,86.13,119.12,Snow,26/11/19,,9,-27.7,,0-5,0,5,2.5,Top,15.5,0.1,-19.81,-144.5,14.0,-0.702193518,,,,,,,,,,,,,,,,,,,,,,,,,,,,,,,,,,,,,,,,,,,,,
CiASOM,,510776,122/1_9,1,9,,,86.13,119.12,Snow,26/11/19,,9,-27.7,,0-8,0,8,4,Top,16.8,0,-15.62,-112.1,12.9,-0.702193518,,,,,,,,,,,,,,,,,,,,,,,,,,,,,,,,,,,,,,,,,,,,,
CiASOM,,510783,PS122/1_9-39 snow_sampler_metal,1,9,BGC_1,,86.16,117.90,Snow,27/11/19,,9,-30.4,,0-5,0,5,2.5,Top,16.5,0.6,-15.03,-105.5,14.7,,,,,,,,,,,,,,,,,,,,,,,,,,,,,,,,,,,,,,,,,,,,,,
CiASOM,,510853,PS122/1_9-65 snow_sampler_metal,1,9,BGC_2,,86.15,116.52,Snow,28/11/19,,9,-25.8,,0-4,0,4,2,Top,16,0.5,-19.71,-142.5,15.2,,,,,,,,,,,,,,,,,,,,,,,,,,,,,,,,,,,,,,,,,,,,,,
CiASOM,M11471,,PS122-1_10-5,1,10,PS122/1_10-5 Snowpit A,,85.92,113.90,Snow,02/12/19,10:04,10,-27.2,,,7.5,5,6.25,Top,19.2,,-21.10,-152.9,15.9,0.989014539,A-Pit: Snow1 ROV road,,,,,,,,,,,,,,,,,,,,,,,,,,,,,,,,,,,,,,,,,,,,
CiASOM,,510867,PS122/1_10-35 snow_sampler_metal,1,10,SYI-mc,,85.93,114.06,Snow,02/12/19,,10,-27.2,,0-4,0,4,2,Top,16,0,-21.34,-152.7,18.1,0.989014539,,,,,,,,,,,,,,,,,,,,,,,,,,,,,,,,,,,,,,,,,,,,,
CiASOM,,511005,122/1_10,1,10,BGC_1,,86.11,118.77,Snow,04/12/19,,10,-16.0,,0-4 cm,0,4,2,Top,17,,-15.31,-111.3,11.3,2.178809891,,,,,,,,,,,,,,,,,,,,,,,,,,,,,,,,,,,,,,,,,,,,,
CiASOM,M11474,,PS122-1_11-23,1,11,PS122/1_11-23 Snowpit B,,86.57,120.64,Snow,11/12/19,10:46,11,-26.0,,,28,25,26.5,Top,17.4,,-18.63,-128.5,20.5,-0.87751992,"B-Pit: Snow 1, Met City",,,,,,,,,,,,,,,,,,,,,,,,,,,,,,,,,,,,,,,,,,,,
CiASOM,,511080,PS122/1_11-23 Snowpit B,1,11,BGC_1,,86.57,120.64,Snow,11/12/19,,11,-26.0,,0-4.5 cm,0,4.5,2.25,Top,17.2,,-13.34,-95.6,11.1,-0.87751992,"B-Pit: Snow 1, Met City",,,,,,,,,,,,,,,,,,,,,,,,,,,,,,,,,,,,,,,,,,,,
CiASOM,M11477,,PS122-2_16-9,2,16,snow1-A1,,86.62,114.80,Snow,17/12/19,7:10,12,-18.7,,,,,,Top,17.8,,-19.07,-132.8,19.7,1.051099331,Snow 1 Exercise profile with sampling and SMP,,,,,,,,,,,,,,,,,,,,,,,,,,,,,,,,,,,,,,,,,,,,
CiASOM,M11480,,PS122-2_17-16,2,17,snow1-A9,,86.64,113.15,Snow,23/12/19,10:58,13,-25.6,,,8.5,,8.5,Top,17.7,,-24.17,-172.3,21.0,0.265442917,,,,,,,,,,,,,,,,,,,,,,,,,,,,,,,,,,,,,,,,,,,,,
CiASOM,M11485,,PS122-2_17-109,2,17,snow2-A8,,86.68,115.96,Snow,27/12/19,10:54,13,-28.5,,,23,20,21.5,Top,18.4,,-20.62,-148.7,16.3,-0.055774587,Top,,,,,,,,,,,,,,,,,,,,,,,,,,,,,,,,,,,,,,,,,,,,
CiASOM,M11486,,PS122-2_18-17,2,18,snow1-A5,,86.61,116.56,Snow,30/12/19,6:40,14,-27.4,,,9.5,7,8.25,Top,17.7,,-21.15,-155.5,13.8,0.438976283,,,,,,,,,,,,,,,,,,,,,,,,,,,,,,,,,,,,,,,,,,,,,
CiASOM,M11489,,PS122-2_18-8,2,18,snow3-A6,,86.60,116.80,Snow,30/12/19,11:00,14,-27.4,,,7.5,4,5.75,Top,18.1,,-18.30,-135.1,11.3,0.438976283,,,,,,,,,,,,,,,,,,,,,,,,,,,,,,,,,,,,,,,,,,,,,
CiASOM,M11491,,PS122-2_18-66,2,18,snow1-A5,,86.90,115.74,Snow,03/01/20,6:29,14,-27.7,,,9,6,7.5,Top,19.1,,-17.45,-121.3,18.3,-0.725732077,after days with strong wind and snow drift,,,,,,,,,,,,,,,,,,,,,,,,,,,,,,,,,,,,,,,,,,,,
SLF,dO18_0001,200089-Y01 bis 200089-Y05,PS122/2_18-66,2,18,snow1-A5,,86.90,115.74,Snow,03/01/20,,14,,,,8,5,6.5,,,,-22.10,-161.5,15.3,-0.725732077,,,,,,,,,,,,,,,,,,,,,,,,,,,,,,,,,,,,,,,,,,,,,
CiASOM,M11496,,PS122-2_19-9,2,19,snow1-A1,,87.10,115.26,Snow,06/01/20,6:25,15,-27.7,,,25,19,22,Top,19.5,,-19.28,-133.7,20.6,-0.155407977,done with ice saw to hard to do it differently,,,,,,,,,,,,,,,,,,,,,,,,,,,,,,,,,,,,,,,,,,,,
CiASOM,M11497,,PS122-2_19-28,2,19,ds-coring-FYI,,87.10,115.19,Snow,06/01/20,11:05,15,-27.7,,,9,6,7.5,Top,19.8,,-19.89,-133.3,25.9,-0.155407977,,,,,,,,,,,,,,,,,,,,,,,,,,,,,,,,,,,,,,,,,,,,,
SLF,dO18_0004,200089-Y01 bis 200089-Y05,PS122/2_19-28,2,19,ds-coring-FYI,,87.10,115.19,Snow,06/01/20,,15,,,,9.5,6.5,8,,,,-23.60,-166.4,22.4,-0.155407977,,,,,,,,,,,,,,,,,,,,,,,,,,,,,,,,,,,,,,,,,,,,,
SLF,dO18_0007,200089-Y01 bis 200089-Y05,PS122/2_19-9,2,19,snow1-A1,,87.10,115.26,Snow,06/01/20,,15,,,,26.5,23.5,25,,,,-22.00,-158.6,17.4,-0.155407977,,,,,,,,,,,,,,,,,,,,,,,,,,,,,,,,,,,,,,,,,,,,,
SLF,dO18_0017,200089-Y01 bis 200089-Y05,PS122/2_19-41,2,19,L3,,87.11,115.18,Snow,08/01/20,,15,,,,12,11,11.5,,,,-38.50,-294.9,13.1,-0.17551493,,,,,,,,,,,,,,,,,,,,,,,,,,,,,,,,,,,,,,,,,,,,,
CiASOM,M11500,,PS122-2_19-92,2,19,snow2-A2,,87.17,113.09,Snow,10/01/20,6:40,15,-29.7,,,14,10,12,Top,18.9,,-21.15,-148.7,20.5,-0.352856568,,,,,,,,,,,,,,,,,,,,,,,,,,,,,,,,,,,,,,,,,,,,,
CiASOM,M11504,,PS122-2_19-144,2,19,FR,,87.18,112.79,Snow,10/01/20,11:00,15,-29.7,,,37,24,30.5,Top,13.6,,-32.15,-237.5,19.7,-0.352856568,,,,,,,,,,,,,,,,,,,,,,,,,,,,,,,,,,,,,,,,,,,,,
SLF,dO18_0020,200089-Y01 bis 200089-Y05,PS122/2_19-144,2,19,FR,,87.18,112.79,Snow,10/01/20,,15,,,,37,34,35.5,,,,-37.60,-281.4,19.4,-0.352856568,,,,,,,,,,,,,,,,,,,,,,,,,,,,,,,,,,,,,,,,,,,,,
CiASOM,M11503,,PS122-2_20-4,2,20,snow3-A6,,87.33,107.16,Snow,13/01/20,10:48,16,-27.6,,,10,5,7.5,Top,20.7,,-26.67,-200.1,13.3,-0.652837984,,,,,,,,,,,,,,,,,,,,,,,,,,,,,,,,,,,,,,,,,,,,,
SLF,dO18_0039,200089-Y01 bis 200089-Y05,PS122/2_20-4,2,20,snow3-A6,,87.33,107.16,Snow,13/01/20,,16,,,,10,7,8.5,,,,-33.70,-251.6,18.0,-0.652837984,,,,,,,,,,,,,,,,,,,,,,,,,,,,,,,,,,,,,,,,,,,,,
CiASOM,M11508,,PS122-2_20-36,2,20,FR,,87.46,103.72,Snow,15/01/20,6:30,16,-25.5,,,54,50,52,Top,14.4,,-35.93,-281.5,5.9,-1.310507373,,,,,,,,,,,,,,,,,,,,,,,,,,,,,,,,,,,,,,,,,,,,,
CiASOM,M11513,,PS122-2_20-80,2,20,snow1-A5,,87.51,99.31,Snow,17/01/20,10:40,16,-23.8,,,11,6,8.5,Top,14.0,,-23.83,-169.9,20.7,0.151476518,,,,,,,,,,,,,,,,,,,,,,,,,,,,,,,,,,,,,,,,,,,,,
SLF,dO18_0030,200089-Y01 bis 200089-Y05,PS122/2_20-80,2,20,snow1-A5,,87.51,99.31,Snow,17/01/20,,16,,,,10.5,7.5,9,,,,-21.50,-154.2,17.8,0.151476518,,,,,,,,,,,,,,,,,,,,,,,,,,,,,,,,,,,,,,,,,,,,,
SLF,dO18_0033,200089-Y01 bis 200089-Y05,PS122/2_20-83,2,20,snow2-A8,,87.51,99.41,Snow,17/01/20,,16,,,,19.5,16.5,18,,,,-26.00,-174.8,33.2,0.151476518,,,,,,,,,,,,,,,,,,,,,,,,,,,,,,,,,,,,,,,,,,,,,
CiASOM,M11516,,PS122-2_21-14,2,21,snow1-A1,,87.44,97.62,Snow,20/01/20,6:33,17,-30.3,,,25,22,23.5,Top,16.6,,-21.69,-150.6,22.9,-0.738205996,,,,,,,,,,,,,,,,,,,,,,,,,,,,,,,,,,,,,,,,,,,,,
CiASOM,M11518,,PS122-2_21-15,2,21,snow2-A2,,87.45,97.42,Snow,20/01/20,11:05,17,-30.3,,,13.5,10,11.75,Top,12.9,,-25.10,-184.2,16.6,-0.738205996,,,,,,,,,,,,,,,,,,,,,,,,,,,,,,,,,,,,,,,,,,,,,
SLF,dO18_0042,200089-Y01 bis 200089-Y05,PS122/2_21-14,2,21,snow1-A1,,87.44,97.62,Snow,20/01/20,,17,,,,26,23,24.5,,,,-28.30,-205.8,20.6,-0.738205996,,,,,,,,,,,,,,,,,,,,,,,,,,,,,,,,,,,,,,,,,,,,,
SLF,dO18_0047,200089-Y01 bis 200089-Y05,PS122/2_21-15,2,21,snow2-A2,,87.45,97.42,Snow,20/01/20,,17,,,,13.5,10.5,12,,,,-27.50,-200.7,19.3,-0.738205996,,,,,,,,,,,,,,,,,,,,,,,,,,,,,,,,,,,,,,,,,,,,,
SLF,dO18_0051,200089-Y01 bis 200089-Y05,PS122/2_21-53,2,21,snow3-A6,,87.48,95.11,Snow,22/01/20,,17,,,,8,5,6.5,,,,-28.90,-211.5,19.7,-0.599369347,,,,,,,,,,,,,,,,,,,,,,,,,,,,,,,,,,,,,,,,,,,,,
SLF,dO18_0053,200089-Y01 bis 200089-Y05,PS122/2_21-52,2,21,snow1-A5,,87.48,95.07,Snow,22/01/20,,17,,,,9,7,8,,,,-27.70,-186.1,35.5,-0.599369347,,,,,,,,,,,,,,,,,,,,,,,,,,,,,,,,,,,,,,,,,,,,,
CiASOM,M11521,,PS122-2_21-96,2,21,FR,,87.42,93.12,Snow,24/01/20,10:30,17,-30.4,,,33,30,31.5,Top,15.7,,-39.63,-304.9,12.2,-0.103158964,,,,,,,,,,,,,,,,,,,,,,,,,,,,,,,,,,,,,,,,,,,,,
SLF,dO18_0055,200089-Y01 bis 200089-Y05,PS122/2_21-96,2,21,FR,,87.42,93.12,Snow,24/01/20,,17,,,,26,23,24.5,,,,-36.70,-276.0,17.6,-0.103158964,,,,,,,,,,,,,,,,,,,,,,,,,,,,,,,,,,,,,,,,,,,,,
CiASOM,M11524,,PS122-2_22-5,2,22,snow2-A8,,87.44,95.57,Snow,27/01/20,6:23,18,-24.0,,,17,14,15.5,Top,14.8,,-22.12,-153.4,23.6,0.628570643,,,,,,,,,,,,,,,,,,,,,,,,,,,,,,,,,,,,,,,,,,,,,
CiASOM,M11527,,PS122-2_22-6,2,22,snow3-A6,,87.45,95.77,Snow,27/01/20,10:40,18,-24.0,,,8,5.5,6.75,Top,14.8,,-24.62,-187.8,9.2,0.628570643,,,,,,,,,,,,,,,,,,,,,,,,,,,,,,,,,,,,,,,,,,,,,
SLF,dO18_0062,200089-Y01 bis 200089-Y05,PS122/2_22-6,2,22,snow3-A6,,87.45,95.77,Snow,27/01/20,,18,,,,12,9,10.5,,,,-29.90,-222.7,16.5,0.628570643,,,,,,,,,,,,,,,,,,,,,,,,,,,,,,,,,,,,,,,,,,,,,
SLF,dO18_0066,200089-Y01 bis 200089-Y05,PS122/2_22-5,2,22,snow2-A8,,87.44,95.57,Snow,27/01/20,,18,,,,17,14,15.5,,,,-23.80,-173.5,16.9,0.628570643,,,,,,,,,,,,,,,,,,,,,,,,,,,,,,,,,,,,,,,,,,,,,
SLF,dO18_0132,200089-Y01 bis 200089-Y05,PS122/2_22-6,2,22,snow3-A6,,87.45,95.77,Snow,27/01/20,,18,,,,5.3,3.3,4.3,,,,-20.30,-145.1,17.3,0.628570643,,,,,,,,,,,,,,,,,,,,,,,,,,,,,,,,,,,,,,,,,,,,,
SLF,dO18_0071,200089-Y01 bis 200089-Y05,PS122/2_22-43,2,22,snow3-A6,,87.47,95.21,Snow,29/01/20,,18,,,,8,5,6.5,,,,-29.00,-214.4,17.6,0.252486519,,,,,,,,,,,,,,,,,,,,,,,,,,,,,,,,,,,,,,,,,,,,,
SLF,dO18_0073,200089-Y01 bis 200089-Y05,PS122/2_22-43,2,22,snow3-A6,,87.47,95.21,Snow,29/01/20,,18,,,,9.5,6.5,8,,,,-33.70,-242.5,27.1,0.252486519,,,,,,,,,,,,,,,,,,,,,,,,,,,,,,,,,,,,,,,,,,,,,
SLF,dO18_0075,200089-Y01 bis 200089-Y05,PS122/2_22-43,2,22,snow3-A6,,87.47,95.21,Snow,29/01/20,,18,,,,11,8,9.5,,,,-31.80,-237.0,17.4,0.252486519,,,,,,,,,,,,,,,,,,,,,,,,,,,,,,,,,,,,,,,,,,,,,
SLF,dO18_0077,200089-Y01 bis 200089-Y05,PS122/2_22-43,2,22,snow3-A6,,87.47,95.21,Snow,29/01/20,,18,,,,10.5,7.5,9,,,,-30.20,-219.6,22.0,0.252486519,,,,,,,,,,,,,,,,,,,,,,,,,,,,,,,,,,,,,,,,,,,,,
SLF,dO18_0080,200089-Y01 bis 200089-Y05,PS122/2_22-46,2,22,snow3-A6,,87.47,95.21,Snow,29/01/20,,18,,,,40,37,38.5,,,,-38.90,-291.9,19.3,0.252486519,,,,,,,,,,,,,,,,,,,,,,,,,,,,,,,,,,,,,,,,,,,,,
SLF,dO18_0092,200089-Y01 bis 200089-Y05,PS122/2_22-61,2,22,RS3,,87.46,96.53,Snow,30/01/20,,18,,,,26,23,24.5,,,,-30.20,-216.3,25.3,-0.199263755,,,,,,,,,,,,,,,,,,,,,,,,,,,,,,,,,,,,,,,,,,,,,
CiASOM,M11530,,PS122-2_22-73,2,22,snow1-A3,,87.44,96.48,Snow,31/01/20,6:41,18,-27.3,,,7,4,5.5,Top,14.6,,-26.73,-195.1,18.8,-0.7716634,,,,,,,,,,,,,,,,,,,,,,,,,,,,,,,,,,,,,,,,,,,,,
SLF,dO18_0090,200089-Y01 bis 200089-Y05,PS122/2_22-73,2,22,snow1-A3,,87.44,96.48,Snow,31/01/20,,18,,,,6,3,4.5,,,,-28.80,-204.2,26.2,-0.7716634,,,,,,,,,,,,,,,,,,,,,,,,,,,,,,,,,,,,,,,,,,,,,
CiASOM,M11534,,PS122-2_23-2,2,23,ds-coring-FYI,,87.42,93.41,Snow,03/02/20,11:15,19,-14.8,,,8,4.5,6.25,Top,16.0,,-18.74,-123.3,26.5,-0.632828794,,,,,,,,,,,,,,,,,,,,,,,,,,,,,,,,,,,,,,,,,,,,,
SLF,dO18_0083,200089-Y01 bis 200089-Y05,PS122/2_23-2,2,23,ds-coring-FYI,,87.42,93.41,Snow,03/02/20,,19,,,,8.5,5.5,7,,,,-20.30,-138.7,23.7,-0.632828794,,,,,,,,,,,,,,,,,,,,,,,,,,,,,,,,,,,,,,,,,,,,,
SLF,dO18_0086,200089-Y01 bis 200089-Y05,PS122/2_23-9,2,23,snow1-A1,,87.41,93.20,Snow,03/02/20,,19,,,,24,21,22.5,,,,-24.60,-172.2,24.6,-0.632828794,,,,,,,,,,,,,,,,,,,,,,,,,,,,,,,,,,,,,,,,,,,,,
SLF,dO18_0149,200089-Y01 bis 200089-Y05,PS122/2_23-2,2,23,ds-coring-FYI,,87.42,93.41,Snow,03/02/20,,19,,,,6,4,5,,,,-14.40,-117.2,-2.0,-0.632828794,,,,,,,,,,,,,,,,,,,,,,,,,,,,,,,,,,,,,,,,,,,,,
CiASOM,M11536,,PS122-2_23-34,2,23,snow2-A2,,87.53,95.07,Snow,05/02/20,6:45,19,-27.8,,,14,1.5,7.75,Top,16.6,,-26.68,-196.7,16.8,-0.996255892,,,,,,,,,,,,,,,,,,,,,,,,,,,,,,,,,,,,,,,,,,,,,
SLF,dO18_0104,200089-Y01 bis 200089-Y05,PS122/2_23-34,2,23,snow2-A2,,87.53,95.07,Snow,05/02/20,,19,,,,11,8,9.5,,,,-25.70,-176.3,29.3,-0.996255892,,,,,,,,,,,,,,,,,,,,,,,,,,,,,,,,,,,,,,,,,,,,,
SLF,dO18_0154,200089-Y01 bis 200089-Y05,PS122/2_23-34,2,23,snow2-A2,,87.53,95.07,Snow,05/02/20,,19,,,,10,8,9,,,,-15.70,-125.8,-0.2,-0.996255892,,,,,,,,,,,,,,,,,,,,,,,,,,,,,,,,,,,,,,,,,,,,,
SLF,dO18_0109,200089-Y01 bis 200089-Y05,PS122/2_23-76,2,23,RS-transect-north,,87.61,93.95,Snow,06/02/20,,19,,,,9,6,7.5,,,,-22.30,-159.3,19.1,-1.358566102,,,,,,,,,,,,,,,,,,,,,,,,,,,,,,,,,,,,,,,,,,,,,
SLF,dO18_0112,200089-Y01 bis 200089-Y05,PS122/2_23-75,2,23,RS-transect-north,,87.61,93.95,Snow,06/02/20,,19,,,,23,20,21.5,,,,-36.10,-274.7,14.1,-1.358566102,,,,,,,,,,,,,,,,,,,,,,,,,,,,,,,,,,,,,,,,,,,,,
CiASOM,M11539,,PS122-2_23-73,2,23,FR,,87.64,93.75,Snow,07/02/20,6:25,19,-27.2,,,48,45,46.5,Top,12.0,,-27.85,-206.1,16.7,-0.420780366,,,,,,,,,,,,,,,,,,,,,,,,,,,,,,,,,,,,,,,,,,,,,
CiASOM,M11542,,PS122-2_23-74,2,23,snow1-A5,,87.64,93.78,Snow,07/02/20,11:00,19,-27.2,,,24,21,22.5,Top,16.6,,-33.74,-258.7,11.2,-0.420780366,,,,,,,,,,,,,,,,,,,,,,,,,,,,,,,,,,,,,,,,,,,,,
SLF,dO18_0094,200089-Y01 bis 200089-Y05,PS122/2_23-74,2,23,snow1-A5,,87.64,93.78,Snow,07/02/20,,19,,,,25,22,23.5,,,,-38.00,-290.9,13.1,-0.420780366,,,,,,,,,,,,,,,,,,,,,,,,,,,,,,,,,,,,,,,,,,,,,
SLF,dO18_0101,200089-Y01 bis 200089-Y05,PS122/2_23-73,2,23,FR,,87.64,93.75,Snow,07/02/20,,19,,,,46,43,44.5,,,,-32.90,-237.5,25.7,-0.420780366,,,,,,,,,,,,,,,,,,,,,,,,,,,,,,,,,,,,,,,,,,,,,
CiASOM,M11532,,PS122-2_23-9,2,23,snow1-A5,,87.41,93.20,Snow,09/02/20,6:25,19,-29.0,,,23,19,21,Top,17.4,,-20.62,-141.8,23.2,-0.215449626,,,,,,,,,,,,,,,,,,,,,,,,,,,,,,,,,,,,,,,,,,,,,
CiASOM,M11545,,PS122-2_24-14,2,24,snow3-A6,,87.78,92.02,Snow,10/02/20,6:36,20,-25.6,,,9,6,7.5,Top,15.1,,-29.86,-223.1,15.7,-1.007593665,,,,,,,,,,,,,,,,,,,,,,,,,,,,,,,,,,,,,,,,,,,,,
CiASOM,M11549,,PS122-2_24-15,2,24,snow2-A8,,87.79,91.81,Snow,10/02/20,10:15,20,-25.6,,,13,9,11,Top,18.3,,-24.43,-177.5,17.9,-1.007593665,,,,,,,,,,,,,,,,,,,,,,,,,,,,,,,,,,,,,,,,,,,,,
SLF,dO18_0118,200089-Y01 bis 200089-Y05,PS122/2_24-15,2,24,snow2-A8,,87.79,91.81,Snow,10/02/20,,20,,,,15,12,13.5,,,,-30.00,-209.9,30.1,-1.007593665,,,,,,,,,,,,,,,,,,,,,,,,,,,,,,,,,,,,,,,,,,,,,
SLF,dO18_0123,200089-Y01 bis 200089-Y05,PS122/2_24-14,2,24,snow3-A6,,87.78,92.02,Snow,10/02/20,,20,,,,9,6,7.5,,,,-31.20,-230.6,19.0,-1.007593665,,,,,,,,,,,,,,,,,,,,,,,,,,,,,,,,,,,,,,,,,,,,,
CiASOM,M11552,,PS122-2_24-35,2,24,snow2-A10,,87.86,88.02,Snow,12/02/20,6:30,20,-32.0,,,62,58,60,Top,15.1,,-26.89,-202.1,13.0,-0.716088856,,,,,,,,,,,,,,,,,,,,,,,,,,,,,,,,,,,,,,,,,,,,,
SLF,dO18_0184,200089-Y01 bis 200089-Y05,PS122/2_24-112,2,24,L1,,88.07,79.76,Snow,15/02/20,,20,,,,27,24,25.5,,,,-35.80,-268.2,18.2,-0.297966347,,,,,,,,,,,,,,,,,,,,,,,,,,,,,,,,,,,,,,,,,,,,,
CiASOM,M11555,,PS122-2_24-86,2,24,snow1-A3,,88.07,79.75,Snow,16/02/20,10:40,20,-27.0,,,15,12.5,13.75,Top,16.3,,,,0.0,-0.679590379,,,,,,,,,,,,,,,,,,,,,,,,,,,,,,,,,,,,,,,,,,,,,
SLF,dO18_0176,200089-Y01 bis 200089-Y05,PS122/2_24-86,2,24,snow1-A3,,88.07,79.75,Snow,16/02/20,,20,,,,16,13,14.5,,,,-32.90,-246.5,16.7,-0.679590379,,,,,,,,,,,,,,,,,,,,,,,,,,,,,,,,,,,,,,,,,,,,,
CiASOM,M11557,,PS122-2_25-22,2,25,snow2-A2,,88.07,79.23,Snow,17/02/20,6:34,21,-33.7,,,12,6,9,Top,12.2,,-25.27,-186.8,15.3,-0.556858454,,,,,,,,,,,,,,,,,,,,,,,,,,,,,,,,,,,,,,,,,,,,,
SLF,dO18_0165,200089-Y01 bis 200089-Y05,PS122/2_25-23,2,25,snow1-A1,,88.07,78.97,Snow,17/02/20,,21,,,,21,18,19.5,,,,-29.60,-206.0,30.8,-0.556858454,,,,,,,,,,,,,,,,,,,,,,,,,,,,,,,,,,,,,,,,,,,,,
SLF,dO18_0172,200089-Y01 bis 200089-Y05,PS122/2_25-22,2,25,snow2-A2,,88.07,79.23,Snow,17/02/20,,21,,,,12,9,10.5,,,,-29.90,-219.7,19.5,-0.556858454,,,,,,,,,,,,,,,,,,,,,,,,,,,,,,,,,,,,,,,,,,,,,
CiASOM,M11559,,PS122-2_25-80,2,25,snow1-A5,,88.48,66.95,Snow,21/02/20,6:30,21,-19.7,,,7,4,5.5,Top,14.2,,-22.09,-160.2,16.6,-2.209196362,,,,,,,,,,,,,,,,,,,,,,,,,,,,,,,,,,,,,,,,,,,,,
CiASOM,M11561,,PS122-2_25-81,2,25,FR,,88.50,66.51,Snow,21/02/20,11:00,21,-19.7,,,81,74,77.5,Top,12.7,,-29.10,-219.7,13.1,-2.209196362,"no sutface sample, but same layer",,,,,,,,,,,,,,,,,,,,,,,,,,,,,,,,,,,,,,,,,,,,
SLF,dO18_0188,200089-Y01 bis 200089-Y05,PS122/2_25-81,2,25,FR,,88.50,66.51,Snow,21/02/20,,21,,,,87,84,85.5,,,,-33.30,-249.5,16.9,-2.209196362,,,,,,,,,,,,,,,,,,,,,,,,,,,,,,,,,,,,,,,,,,,,,
CiASOM,M11564,,PS122-3_29-9,2,29,snow2-A8,,88.56,45.68,Snow,25/02/20,12:17,22,-22.5,,,22,19,20.5,Top,15.5,,-27.79,-208.3,14.0,-0.972972991,,,,,,,,,,,,,,,,,,,,,,,,,,,,,,,,,,,,,,,,,,,,,
CiASOM,M11567,,PS122-3_29-28,2,29,snow1-A3,,88.51,41.15,Snow,26/02/20,6:25,22,-26.3,,,31,28,29.5,Top,14.2,,-28.86,-222.7,8.2,-1.369406956,,,,,,,,,,,,,,,,,,,,,,,,,,,,,,,,,,,,,,,,,,,,,
CiASOM,M11570,,PS122-3_29-29,2,29,snow3-A6,,88.49,40.36,Snow,26/02/20,10:00,22,-26.3,,,9,6,7.5,Top,16.8,,-27.71,-203.2,18.4,-1.369406956,,,,,,,,,,,,,,,,,,,,,,,,,,,,,,,,,,,,,,,,,,,,,
SLF,dO18_0200,200089-Y01 bis 200089-Y05,PS122/3_29-28,3,29,snow1-A3,,88.51,41.15,Snow,26/02/20,,22,,,,25,22,23.5,,,,-32.80,-248.9,13.5,-1.369406956,,,,,,,,,,,,,,,,,,,,,,,,,,,,,,,,,,,,,,,,,,,,,
SLF,dO18_0194,200089-Y01 bis 200089-Y05,PS122/3_29-43,3,29,RS3,,88.41,36.85,Snow,27/02/20,,22,,,,10,7,8.5,,,,-26.90,-188.4,26.8,-0.447067905,,,,,,,,,,,,,,,,,,,,,,,,,,,,,,,,,,,,,,,,,,,,,
SLF,dO18_0245,220089-Y29,PS122/3_30-17,3,30,snow2-A2,,88.18,31.00,Snow,02/03/20,,23,,,,22,19,20.5,,,,-33.10,-246.9,17.9,-0.212160886,,,,,,,,,,,,,,,,,,,,,,,,,,,,,,,,,,,,,,,,,,,,,
CiASOM,M11575,,PS122_3_30-25,3,30,snow1-A1,,88.10,30.51,Snow,04/03/20,11:00,23,-35.9,,,18,16,17,Top,19.4,,-25.75,-188.4,17.6,-0.228888545,,,,,,,,,,,,,,,,,,,,,,,,,,,,,,,,,,,,,,,,,,,,,
SLF,dO18_0238,220089-Y29,PS122/3_30-25,3,30,snow1-A1,,88.10,30.49,Snow,04/03/20,,23,,,,20,17,18.5,,,,-16.10,-143.8,-15.0,-0.228888545,,,,,,,,,,,,,,,,,,,,,,,,,,,,,,,,,,,,,,,,,,,,,
CiASOM,M11578,,PS122_3_31-55,3,31,snow1-A5,,87.66,24.29,Snow,11/03/20,9:35,24,-35.0,,,18,17,17.5,Top,19.9,,-29.29,-226.1,8.3,-0.70484813,,,,,,,,,,,,,,,,,,,,,,,,,,,,,,,,,,,,,,,,,,,,,
SLF,dO18_0259,220089-Y29,PS122/3_31-55,3,31,snow1-A5,,87.67,24.58,Snow,11/03/20,,24,,,,24,21,22.5,,,,-34.20,-255.7,17.9,-0.70484813,,,,,,,,,,,,,,,,,,,,,,,,,,,,,,,,,,,,,,,,,,,,,
CiASOM,,,20200313_122_3_/31 LEAD GANG SN/0-5CM BAG 242,3,31,,,87.31,18.87,Snow,13/03/20,,24,-29.6,,,0,5,2.5,Top,,,-33.75,-259.1,10.9,0.512916216,,,,,,,,,,,,,,,,,,,,,,,,,,,,,,,,,,,,,,,,,,,,,
CiASOM,,,"20200314_122_3_/31 LEAD GANG SN/0-2,5CM BAG5",3,31,,,87.14,17.19,Snow,14/03/20,,24,-25.7,,,0,2.5,1.25,Top,,,-33.86,-259.4,11.5,,,,,,,,,,,,,,,,,,,,,,,,,,,,,,,,,,,,,,,,,,,,,,
CiASOM,,,20200314_122_3_/31 LEAD GANG SN/0-3CM TOP BAG8,3,31,,,87.14,17.19,Snow,14/03/20,,24,-25.7,,,0,3,1.5,Top,,,-33.15,-254.7,10.5,,,,,,,,,,,,,,,,,,,,,,,,,,,,,,,,,,,,,,,,,,,,,,
SLF,dO18_0257,220089-Y29,PS122/3_31-79,3,31,snow2-A2,,87.07,15.40,Snow,15/03/20,,24,,,,25,22,23.5,,,,-34.90,-251.5,27.7,-0.549810879,,,,,,,,,,,,,,,,,,,,,,,,,,,,,,,,,,,,,,,,,,,,,
SLF,dO18_0267,220089-Y29,PS122/3_32-22,3,32,lead-flux,,86.90,12.87,Snow,16/03/20,,25,,,,1,0,0.5,,,,-38.60,-285.8,23.0,0.160187768,,,,,,,,,,,,,,,,,,,,,,,,,,,,,,,,,,,,,,,,,,,,,
SLF,dO18_0272,220089-Y29,PS122/3_32-59,3,32,snow2-A8,,86.34,14.78,Snow,20/03/20,,25,,,,14,11,12.5,,,,-31.40,-234.0,17.2,-1.297798325,,,,,,,,,,,,,,,,,,,,,,,,,,,,,,,,,,,,,,,,,,,,,
SLF,dO18_0268,220089-Y29,PS122/3_32-61,3,32,ds-coring-FYI,,86.26,15.15,Snow,21/03/20,,25,,,,13,10,11.5,,,,-35.70,-270.0,15.6,-1.088768659,,,,,,,,,,,,,,,,,,,,,,,,,,,,,,,,,,,,,,,,,,,,,
CiASOM,M11581,,PS122_3_32-88,3,32,snow1-A5,,86.23,15.72,Snow,22/03/20,8:00,25,-26.4,,,10,13,11.5,Top,20.9,,-32.88,-253.8,9.3,-0.29795639,,,,,,,,,,,,,,,,,,,,,,,,,,,,,,,,,,,,,,,,,,,,,
CiASOM,M11584,,PS122_3_32-92,3,32,snow1-A3,,86.23,15.72,Snow,22/03/20,10:45,25,-26.4,,,21,18,19.5,Top,20.6,,-30.13,-232.2,8.8,-0.29795639,,,,,,,,,,,,,,,,,,,,,,,,,,,,,,,,,,,,,,,,,,,,,
SLF,dO18_0276,220089-Y29,PS122/3_32-92,3,32,snow1-A3,,86.23,15.71,Snow,22/03/20,,25,,,,30,27,28.5,,,,-33.60,-252.2,16.6,-0.29795639,,,,,,,,,,,,,,,,,,,,,,,,,,,,,,,,,,,,,,,,,,,,,
SLF,dO18_0285,220089-Y30,PS122/3_32-88,3,32,snow1-A5,,86.23,15.68,Snow,22/03/20,,25,,,,16,13,14.5,,,,-32.70,-246.3,15.3,-0.29795639,,,,,,,,,,,,,,,,,,,,,,,,,,,,,,,,,,,,,,,,,,,,,
SLF,dO18_0290,220089-Y30,PS122/3_33-41,3,33,snow2-A2,,86.13,14.30,Snow,25/03/20,,26,,,,15,12,13.5,,,,-23.80,-169.0,21.4,-0.63643494,,,,,,,,,,,,,,,,,,,,,,,,,,,,,,,,,,,,,,,,,,,,,
SLF,dO18_0295,220089-Y30,PS122/3_34-34,3,33,snow2-A2,,85.12,15.50,Snow,01/04/20,,26,,,,14,11,12.5,,,,-33.70,-245.7,23.9,,,,,,,,,,,,,,,,,,,,,,,,,,,,,,,,,,,,,,,,,,,,,,
CiASOM,M11595,,PS122_3_34-45,3,34,snow1-A5,,84.97,15.13,Snow,02/04/20,8:30,27,-26.5,,,9.5,6,7.75,Top,21.0,,-28.19,-217.0,8.5,0.222354472,,,,,,,,,,,,,,,,,,,,,,,,,,,,,,,,,,,,,,,,,,,,,
CiASOM,M11592,,PS122_3_35-23,3,35,ds-coring-SYI,,84.53,14.28,Snow,06/04/20,8:00,28,-19.5,,,14,11,12.5,Top,20.8,,-20.03,-144.1,16.1,-1.457687058,,,,,,,,,,,,,,,,,,,,,,,,,,,,,,,,,,,,,,,,,,,,,
SLF,dO18_0311,220089-Y30,PS122/3_35-23,3,35,ds-coring-SYI,,84.54,14.19,Snow,06/04/20,,28,,,,16,13,14.5,,,,-18.70,-148.8,0.8,-1.457687058,,,,,,,,,,,,,,,,,,,,,,,,,,,,,,,,,,,,,,,,,,,,,
CiASOM,M11598,,PS122_3_35-53,3,35,RS4,,84.48,14.63,Snow,08/04/20,7:40,28,-25.9,,,16,13,14.5,Top,21.6,,-28.30,-210.5,15.9,-0.903894593,Dirty sample next to LOG area,,,,,,,,,,,,,,,,,,,,,,,,,,,,,,,,,,,,,,,,,,,,
CiASOM,M11601,,PS122_3_35-56,3,35,snow1-A3,,84.48,14.63,Snow,08/04/20,11:55,28,-25.9,,,32,29,30.5,Top,22.0,,-29.44,-224.7,10.8,-0.903894593,,,,,,,,,,,,,,,,,,,,,,,,,,,,,,,,,,,,,,,,,,,,,
SLF,dO18_0299,220089-Y30,PS122/3_35-56,3,35,snow1-A3,,84.48,14.69,Snow,08/04/20,,28,,,,27,24,25.5,,,,-31.50,-240.6,11.4,-0.903894593,,,,,,,,,,,,,,,,,,,,,,,,,,,,,,,,,,,,,,,,,,,,,
CiASOM,M11589,,PS122_3_34-34,3,35,snow2-A2,,84.32,14.73,Snow,11/04/20,11:00,28,-28.0,,,14,12,13,Top,21.0,,-29.99,-229.6,10.3,-0.061258987,,,,,,,,,,,,,,,,,,,,,,,,,,,,,,,,,,,,,,,,,,,,,
CiASOM,M11604,,PS122_3_36-14,3,36,snow1-A5*,,84.30,14.94,Snow,13/04/20,11:51,29,-29.5,,,11,8,9.5,Top,21.7,,-28.54,-214.7,13.6,-0.368103483,,,,,,,,,,,,,,,,,,,,,,,,,,,,,,,,,,,,,,,,,,,,,
SLF,dO18_0319,220089-Y30,PS122/3_36-14,3,36,snow1-A5*,,84.29,14.96,Snow,13/04/20,,29,,,,17,14,15.5,,,,-30.90,-229.3,17.9,-0.368103483,,,,,,,,,,,,,,,,,,,,,,,,,,,,,,,,,,,,,,,,,,,,,
CiASOM,M11607,,PS122-3_36-35,3,36,snow2-A2,,84.33,14.02,Snow,15/04/20,7:30,29,-7.9,,,10.5,9,9.75,Top,21.8,,-24.92,-189.5,9.9,-1.280862063,,,,,,,,,,,,,,,,,,,,,,,,,,,,,,,,,,,,,,,,,,,,,
SLF,dO18_0325,220089-Y31,PS122/3_36-35,3,36,snow2-A2,,84.33,14.02,Snow,15/04/20,,29,,,,9.5,6.5,8,,,,-24.20,-179.9,13.7,-1.280862063,,,,,,,,,,,,,,,,,,,,,,,,,,,,,,,,,,,,,,,,,,,,,
CiASOM,M11610,,PS122-3_36-99,3,36,ds-coring-A7,,84.31,13.14,Snow,16/04/20,7:45,29,-1.4,,,16,14,15,Top,21.8,,-23.32,-176.3,10.3,1.104932295,,,,,,,,,,,,,,,,,,,,,,,,,,,,,,,,,,,,,,,,,,,,,
SLF,dO18_0315,220089-Y30,PS122/3_36-103,3,36,RS4,,84.35,13.09,Snow,16/04/20,,29,,,,22,19,20.5,,,,-20.70,-157.7,7.9,1.104932295,,,,,,,,,,,,,,,,,,,,,,,,,,,,,,,,,,,,,,,,,,,,,
CiASOM,M11614,,PS122-3_37-41,3,37,snow2-A2,,84.12,15.94,Snow,22/04/20,12:07,30,-17.0,,,7.5,5,6.25,Top,15.2,,-16.90,-126.0,9.2,1.06512187,,,,,,,,,,,,,,,,,,,,,,,,,,,,,,,,,,,,,,,,,,,,,
SLF,dO18_0337,220089-Y31,PS122/3_37-41,3,37,snow2-A2,,84.12,15.94,Snow,22/04/20,,30,,,,10.5,7.5,9,,,,-23.10,-162.4,22.4,1.06512187,,,,,,,,,,,,,,,,,,,,,,,,,,,,,,,,,,,,,,,,,,,,,
CiASOM,M11617,,PS122-3_37-57,3,37,DR,,84.07,16.03,Snow,23/04/20,11:31,30,-18.0,,,77,75,76,Top,15.8,,-14.79,-110.4,7.9,-0.063883187,,,,,,,,,,,,,,,,,,,,,,,,,,,,,,,,,,,,,,,,,,,,,
SLF,dO18_0340,220089-Y31,PS122/3_37-57,3,37,DR,,84.07,16.03,Snow,23/04/20,,30,,,,79,76,77.5,,,,-20.80,-157.0,9.4,-0.063883187,,,,,,,,,,,,,,,,,,,,,,,,,,,,,,,,,,,,,,,,,,,,,
SLF,dO18_0359,220089-Y31,PS122/3_37-129,3,37,L1,,84.01,15.63,Snow,25/04/20,,30,,,,10,7,8.5,,,,-17.10,-122.4,14.4,-0.543146922,,,,,,,,,,,,,,,,,,,,,,,,,,,,,,,,,,,,,,,,,,,,,
SLF,dO18_0362,220089-Y31,PS122/3_37-132,3,37,RS4,,83.92,15.51,Snow,26/04/20,,30,,,,14,11,12.5,,,,-20.60,-155.7,9.1,0.061318465,,,,,,,,,,,,,,,,,,,,,,,,,,,,,,,,,,,,,,,,,,,,,
CiASOM,M11623,,PS122-3_38-1,3,38,snow2-A2,,83.92,15.63,Snow,27/04/20,8:01,31,-14.4,,,10,8,9,Top,15.5,,-17.83,-128.3,14.3,0.367363435,,,,,,,,,,,,,,,,,,,,,,,,,,,,,,,,,,,,,,,,,,,,,
CiASOM,M11626,,PS122-3_38-4,3,38,snow1-A5*,,83.93,15.63,Snow,27/04/20,11:57,31,-14.4,,,6,3,4.5,Top,17.0,,-15.85,-117.1,9.6,0.367363435,,,,,,,,,,,,,,,,,,,,,,,,,,,,,,,,,,,,,,,,,,,,,
SLF,dO18_0367,220089-Y32,PS122/3_38-1,3,38,snow2-A2,,83.92,15.63,Snow,27/04/20,,31,,,,9.5,6.5,8,,,,-22.60,-155.0,25.8,0.367363435,,,,,,,,,,,,,,,,,,,,,,,,,,,,,,,,,,,,,,,,,,,,,
CiASOM,M11630,,PS122-3_38-51,3,38,L2,,83.94,17.46,Snow,30/04/20,10:10,31,-13.6,,,25,18,21.5,Top,15.9,,-23.30,-166.2,20.2,1.403249447,,,,,,,,,,,,,,,,,,,,,,,,,,,,,,,,,,,,,,,,,,,,,
SLF,dO18_0371,220089-Y32,PS122/3_38-51,3,38,L2,,83.94,17.46,Snow,30/04/20,,31,,,,46,43,44.5,,,,-20.80,-155.3,11.1,1.403249447,,,,,,,,,,,,,,,,,,,,,,,,,,,,,,,,,,,,,,,,,,,,,
SLF,dO18_0386,220089-Y32,PS122/3_38-95,3,38,RS4,,83.92,17.69,Snow,01/05/20,,31,,,,14.5,11.5,13,,,,-21.70,-162.2,11.4,0.285932125,,,,,,,,,,,,,,,,,,,,,,,,,,,,,,,,,,,,,,,,,,,,,
CiASOM,M11631,,PS122-3_38-141,3,38,ds-coring-FYI*,,83.89,17.95,Snow,03/05/20,12:14,31,-16.5,,,20.5,19,19.75,Top,16.4,,-31.76,-242.8,11.3,0.806454623,"RELOCATION. The FYI coring site relocated over the ridge, still in same area, see coring notes for more details",,,,,,,,,,,,,,,,,,,,,,,,,,,,,,,,,,,,,,,,,,,,
SLF,dO18_0379,220089-Y32,PS122/3_38-141,3,38,ds-coring-FYI*,,83.89,17.95,Snow,03/05/20,,31,,,,21.8,18.8,20.3,,,,-26.30,-188.3,22.1,0.806454623,,,,,,,,,,,,,,,,,,,,,,,,,,,,,,,,,,,,,,,,,,,,,
CiASOM,M11634,,PS122-3_39-46,3,39,snow1-A5*,,83.91,18.35,Snow,04/05/20,12:45,32,-15.1,,,8.5,6.5,7.5,Top,15.6,,-27.87,-213.1,9.9,0.294183656,,,,,,,,,,,,,,,,,,,,,,,,,,,,,,,,,,,,,,,,,,,,,
SLF,dO18_0391,220089-Y32,PS122/3_39-46,3,39,snow1-A5*,,83.91,18.35,Snow,04/05/20,,32,,,,9.5,6.5,8,,,,-24.20,-182.0,11.6,0.294183656,,,,,,,,,,,,,,,,,,,,,,,,,,,,,,,,,,,,,,,,,,,,,
CiASOM,M11637,,PS122-3_39-48,3,39,L3,,83.92,17.65,Snow,06/05/20,12:28:00,32,-6.8,,,22,20,21,Top,16.0,,-21.39,-157.7,13.4,2.341024871,,,,,,,,,,,,,,,,,,,,,,,,,,,,,,,,,,,,,,,,,,,,,
SLF,dO18_0394,220089-Y32,PS122/3_39-48,3,39,L3,,83.92,17.67,Snow,06/05/20,,32,,,,18.5,15.5,17,,,,-19.90,-153.3,5.9,2.341024871,,,,,,,,,,,,,,,,,,,,,,,,,,,,,,,,,,,,,,,,,,,,,
CiASOM,M11642,,PS122-3_39-88,3,39,snow2-A2,,83.79,14.14,Snow,09/05/20,7:23,32,-14.0,,,10,9,9.5,Top,15.6,,-17.25,-127.6,10.4,,ab hier Beutel sehr voll; deshalb Löcher in den Beuteln ??,,,,,,,,,,,,,,,,,,,,,,,,,,,,,,,,,,,,,,,,,,,,
SLF,dO18_0399,220089-Y32,PS122/3_39-88,3,39,snow2-A2,,83.79,14.14,Snow,09/05/20,,32,,,,10,7,8.5,,,,-19.60,-143.3,13.5,,,,,,,,,,,,,,,,,,,,,,,,,,,,,,,,,,,,,,,,,,,,,,
CiASOM,M11644,,PS122-3_39-92,3,39,snow1-A3,,83.66,13.46,Snow,10/05/20,12:06,33,-16.0,,,3,0,1.5,Top,16.8,,-29.83,-225.5,13.2,,,,,,,,,,,,,,,,,,,,,,,,,,,,,,,,,,,,,,,,,,,,,,
SLF,dO18_0402,220089-Y32,PS122/3_39-92,3,39,snow1-A3,,83.66,13.46,Snow,10/05/20,,33,,,,36,33,34.5,,,,-30.40,-225.9,17.3,,,,,,,,,,,,,,,,,,,,,,,,,,,,,,,,,,,,,,,,,,,,,,
SLF,413,PS122dO18_0413,PS122-4_44-47,4,44,Port,,82.13,7.70,Snow,13/06/20,,37,,,,41,39,40,,,,-18.70,-148.3,1.3,,,,,,,,,,,,,,,,,,,,,,,,,,,,,,,,,,,,,,,,,,,,,,
SLF,444,PS122dO18_0444,PS122-4_44-121,4,44,optics-LDL,,82.03,8.74,Snow,19/06/20,,37,,,,7,3.5,5.25,,,,-16.40,-137.7,-6.5,,,,,,,,,,,,,,,,,,,,,,,,,,,,,,,,,,,,,,,,,,,,,,
SLF,448,PS122dO18_0448,PS122-4_44-122,4,44,Snow2-A2,,81.98,9.19,Snow,21/06/20,,37,,,,4,7,5.5,,,,-11.20,-99.2,-9.6,,,,,,,,,,,,,,,,,,,,,,,,,,,,,,,,,,,,,,,,,,,,,,
SLF,417,PS122dO18_0417,PS122-4_44-156,4,44,ds-coring-FYI*,,81.98,9.34,Snow,22/06/20,,37,,,,10,7,8.5,,,,-16.50,-128.7,3.3,,,,,,,,,,,,,,,,,,,,,,,,,,,,,,,,,,,,,,,,,,,,,,
CiASOM,M11647,,PS122-4_44-157,4,44,RS5-A1,,82.00,9.70,Snow,23/06/20,12:00,39,-0.9,,,3,1,2,Top,15.9,,-27.45,-209.2,10.4,,,,,,,,,,,,,,,,,,,,,,,,,,,,,,,,,,,,,,,,,,,,,,
CiASOM,M11649,,PS122-4_44-215,4,44,Met-City-Ridge,,81.97,9.91,Snow,27/06/20,8:19,39,0.0,,,36,33,34.5,Top,15.3,,-31.32,-242.0,8.6,,,,,,,,,,,,,,,,,,,,,,,,,,,,,,,,,,,,,,,,,,,,,,
SLF,426,PS122_0426,PS122-4_44-215,4,44,Met-City-Ridge,,81.97,9.91,Snow,27/06/20,,39,,,,32,29,30.5,,,,-24.80,-192,6.4,,,,,,,,,,,,,,,,,,,,,,,,,,,,,,,,,,,,,,,,,,,,,,
SLF,429,PS122_0429,PS122-4_44-216,4,44,Met-City-Ridge,,81.87,9.47,Snow,28/06/20,,39,,,,40,37,38.5,,,,-28.40,-223,4.2,,,,,,,,,,,,,,,,,,,,,,,,,,,,,,,,,,,,,,,,,,,,,,
SLF,450,PS122dO18_0450,PS122-4_45-8,4,45,radiation-stn,,81.83,9.16,Snow,29/06/20,,40,,,,10,6,8,,,,-5.40,-47.4,-4.2,,,,,,,,,,,,,,,,,,,,,,,,,,,,,,,,,,,,,,,,,,,,,,
SLF,432,PS122_0432,PS122-4_45-16,4,45,SYI-behindAlisRidge,,81.80,8.98,Snow,30/06/20,,40,,,,11,8,9.5,,,,-11.40,-92.8,-1.6,1.454453982,,,,,,,,,,,,,,,,,,,,,,,,,,,,,,,,,,,,,,,,,,,,,
SLF,435,PS122_0435,PS122-4_45-18,4,45,RS5-A1,,81.79,8.96,Snow,30/06/20,,40,,,,47,44,45.5,,,,-20.60,-158.3,6.5,1.454453982,,,,,,,,,,,,,,,,,,,,,,,,,,,,,,,,,,,,,,,,,,,,,
SLF,473,PS122_0473,PS122-4_45-18,4,45,RS5-A1,,81.79,8.96,Snow,30/06/20,,40,,,,10.5,8,9.25,,,,-14.30,-149.7,-35.3,1.454453982,,,,,,,,,,,,,,,,,,,,,,,,,,,,,,,,,,,,,,,,,,,,,
SLF,453,PS122_0453,PS122-4_45-87,4,45,Jaridge,,81.68,7.75,Snow,03/07/20,,40,,,,69,66,67.5,,,,-24.10,-187.7,5.1,,,,,,,,,,,,,,,,,,,,,,,,,,,,,,,,,,,,,,,,,,,,,,
SLF,483,PS122dO18_0483,PS122-4_45-132,4,45,optics-stern,,81.69,6.22,Snow,05/07/20,,40,,,,13,9.5,11.25,,,,-9.20,-114.8,-41.2,0.744363965,,,,,,,,,,,,,,,,,,,,,,,,,,,,,,,,,,,,,,,,,,,,,
SLF,460,PS122_0460,PS122-4_46-29,4,45,SYI-behindAlisRidge,,81.70,5.58,Snow,06/07/20,,40,,,,9,6,7.5,,,,-4.30,-43.1,-8.7,-0.591458813,,,,,,,,,,,,,,,,,,,,,,,,,,,,,,,,,,,,,,,,,,,,,
CiASOM,M11652,,PS122-4_46-32,4,46,Met-City-Ridge,,81.64,4.48,Snow,07/07/20,12:27,41,0.4,,,24,20,22,Top,13.2,,-29.03,-225.0,7.3,0.668270845,,,,,,,,,,,,,,,,,,,,,,,,,,,,,,,,,,,,,,,,,,,,,
SLF,496,PS122_0496,PS122-4_46-107,4,46,RS5-A2,,81.48,2.20,Snow,10/07/20,,41,,,,47,44,45.5,,,,-31.00,-245.3,2.7,1.259520837,,,,,,,,,,,,,,,,,,,,,,,,,,,,,,,,,,,,,,,,,,,,,
SLF,489,PS122dO18_0489,PS122-4_46-112,4,46,optics-stern,,81.46,1.74,Snow,11/07/20,,41,,,,9,0,4.5,,,,-25.60,-200.9,3.9,-1.649038856,,,,,,,,,,,,,,,,,,,,,,,,,,,,,,,,,,,,,,,,,,,,,
SLF,497,PS122dO18_0497,PS122-4_47-22,4,46,ds-coring-FYI*,,81.43,0.32,Snow,13/07/20,,41,,,,5,2,3.5,,,,-2.80,-29.7,-7.3,0.628006232,,,,,,,,,,,,,,,,,,,,,,,,,,,,,,,,,,,,,,,,,,,,,
CiASOM,M11667,,PS122/4_47-23,4,47,RS5-A2,,81.39,0.25,Snow,14/07/20,7:30,42,-1.8,,,62,60,61,Top,15.2,,-25.60,-197.5,7.3,6.497166125,,,,,,,,,,,,,,,,,,,,,,,,,,,,,,,,,,,,,,,,,,,,,
SLF,522,PS122dO18_0522,PS122-4_48-40,4,48,ds-coring-FYI*,,80.78,-0.44,Snow,20/07/20,,43,,,,6,3,4.5,,,,-1.60,-16.5,-3.7,,,,,,,,,,,,,,,,,,,,,,,,,,,,,,,,,,,,,,,,,,,,,,
SLF,549,PS122dO18_0549,PS122-4_48-47,4,48,optics-ECO,,80.51,-0.51,Snow,22/07/20,,43,,,,10,7,8.5,,,,-8.00,-62.8,1.2,,,,,,,,,,,,,,,,,,,,,,,,,,,,,,,,,,,,,,,,,,,,,,
SLF,557,PS122dO18_0557,PS122-4_48-142,4,48,Jaridge,,80.20,-0.58,Snow,24/07/20,,43,,,,7,3.5,5.25,,,,-0.40,-4.9,-1.7,,,,,,,,,,,,,,,,,,,,,,,,,,,,,,,,,,,,,,,,,,,,,,
SLF,537,PS122_0537,PS122-4_48-177,4,48,RS5-A3,,79.80,-1.74,Snow,26/07/20,,43,,,,18,15,16.5,,,,-29.20,-219.8,13.8,,,,,,,,,,,,,,,,,,,,,,,,,,,,,,,,,,,,,,,,,,,,,,
SLF,542,PS122_0542,PS122-4_49-47,4,49,RS5-A4,,79.19,-2.59,Snow,29/07/20,,45,,,,26,23,24.5,,,,-30.30,-229.3,13.1,,,,,,,,,,,,,,,,,,,,,,,,,,,,,,,,,,,,,,,,,,,,,,
CiASOM,M11684,,PS122-5_59-204,5,59,SNOW5_ROV,,87.75,104.55,Snow,22/08/20,11:30,48,-0.3,,,5,2.5,3.75,Top,18.3,,-3.60,-28.8,0.0,,top,,,,,,,,,,,,,,,,,,,,,,,,,,,,,,,,,,,,,,,,,,,,
SLF,598,PS122dO18_0598,PS122-5_59-222,5,59,SNOW5_MET,,87.76,105.99,Snow,23/08/20,,48,,,,7,4,5.5,,,,-3.08,-24.19,0.4,,,,,,,,,,,,,,,,,,,,,,,,,,,,,,,,,,,,,,,,,,,,,,
SLF,604,PS122dO18_0604,PS122-5_59-250,5,59,SNOW5_RS,,87.77,105.55,Snow,24/08/20,,48,,,,10,7,8.5,,,,-17.54,-142.98,-2.7,,,,,,,,,,,,,,,,,,,,,,,,,,,,,,,,,,,,,,,,,,,,,,
SLF,603,PS122dO18_0603,PS122-5_59-267,5,59,SNOW5_ROV,,87.78,104.77,Snow,25/08/20,,48,,,,11,8,9.5,,,,-17.09,-138.08,-1.4,,,,,,,,,,,,,,,,,,,,,,,,,,,,,,,,,,,,,,,,,,,,,,
SLF,644,PS122dO18_0644,PS122-5_59-292,5,59,SNOW5_ALBK,,87.83,104.61,Snow,26/08/20,,48,,,,10,7,8.5,,,,-17.10,-135,1.8,,,,,,,,,,,,,,,,,,,,,,,,,,,,,,,,,,,,,,,,,,,,,,
CiASOM,M11682,,PS122-5_59-313,5,59,SNOW5_ROV,,87.95,107.49,Snow,27/08/20,8:30,49,0.3,,,5,2,3.5,Top,17.3,,-3.11,-24.1,0.8,,"top, $SNOW5_RS$, A-pit at RS site, with sampling",,,,,,,,,,,,,,,,,,,,,,,,,,,,,,,,,,,,,,,,,,,,
SLF,577,PS122dO18_0577,PS122-5_59-352,5,59,SNOW5_ROV,,88.03,108.87,Snow,28/08/20,,49,,,,4,1,2.5,,,,-1.00,-12.5,-4.5,,,,,,,,,,,,,,,,,,,,,,,,,,,,,,,,,,,,,,,,,,,,,,
SLF,599,PS122dO18_0599,PS122-5_61-97,5,61,SNOW5_MET,,88.73,112.88,Snow,09/09/20,,51,,,,9,6,7.5,,,,-18.49,-145.88,2.0,0.643937341,,,,,,,,,,,,,,,,,,,,,,,,,,,,,,,,,,,,,,,,,,,,,
SLF,585,PS122dO18_0585,PS122-5_61-236,5,61,SNOW5_ALBK,,88.86,97.54,Snow,13/09/20,,51,,,,7,4,5.5,,,,-18.70,-145.5,4.1,3.460013626,,,,,,,,,,,,,,,,,,,,,,,,,,,,,,,,,,,,,,,,,,,,,
SLF,580,PS122dO18_0580,PS122-5_62-10,5,62,SNOW5_CORING,,89.00,99.05,Snow,14/09/20,,52,,,,8,5,6.5,,,,-17.00,-132,4.0,9.231968907,,,,,,,,,,,,,,,,,,,,,,,,,,,,,,,,,,,,,,,,,,,,,
SLF,583,PS122dO18_0583,PS122-5_62-39,5,62,SNOW5_FLUX,,89.07,107.47,Snow,15/09/20,,52,,,,7,4,5.5,,,,-14.50,-113.8,2.2,3.191939945,,,,,,,,,,,,,,,,,,,,,,,,,,,,,,,,,,,,,,,,,,,,,
SLF,596,PS122dO18_0596,PS122-5_62-69,5,62,SNOW5_ROV,,89.09,108.64,Snow,16/09/20,,52,,,,6.5,3.5,5,,,,-15.47,-117.64,6.1,3.247024716,,,,,,,,,,,,,,,,,,,,,,,,,,,,,,,,,,,,,,,,,,,,,
SLF,690,PS122dO18_0690,PS122-5_62-69,5,62,SNOW5_ROV,,89.09,108.64,Snow,16/09/20,,52,,,,6.5,3,4.75,,,,-15.40,-118.6,4.6,3.247024716,,,,,,,,,,,,,,,,,,,,,,,,,,,,,,,,,,,,,,,,,,,,,
SLF,587,PS122dO18_0587,PS122-5_62-99,5,62,SNOW5_FLUX,,89.02,107.55,Snow,17/09/20,,52,,,,6.5,3.5,5,,,,-15.62,-117.05,7.9,2.986703385,,,,,,,,,,,,,,,,,,,,,,,,,,,,,,,,,,,,,,,,,,,,,
SLF,627,PS122dO18_0627,PS122-5_62-89,5,62,SNOW5_ALBK,,89.03,108.17,Snow,17/09/20,,52,,,,8,5,6.5,,,,-15.70,-116.8,8.8,2.986703385,,,,,,,,,,,,,,,,,,,,,,,,,,,,,,,,,,,,,,,,,,,,,
SLF,677,PS122dO18_0677,PS122-5_62-89,5,62,SNOW5_ALBK,,89.03,108.17,Snow,17/09/20,,52,,,,6.5,3.5,5,,,,-14.40,-117.4,-2.2,2.986703385,,,,,,,,,,,,,,,,,,,,,,,,,,,,,,,,,,,,,,,,,,,,,
CiASOM,M11693,,PS122-5_62-124,5,62,SNOW5_MET,,89.07,107.34,Snow,18/09/20,8:25,52,-8.7,,,3.5,0,1.75,Top,20.2,,-17.72,-135.8,5.9,-0.860388485,bottom,,,,,,,,,,,,,,,,,,,,,,,,,,,,,,,,,,,,,,,,,,,,
SLF,590,PS122dO18_0590,PS122-5_62-119,5,62,SNOW5_RADST_POND,,89.07,107.23,Snow,18/09/20,,52,,,,7,4,5.5,,,,-16.36,-120.23,10.7,-0.860388485,,,,,,,,,,,,,,,,,,,,,,,,,,,,,,,,,,,,,,,,,,,,,
SLF,633,PS122dO18_0633,PS122-5_62-124,5,62,SNOW5_MET,,89.07,107.34,Snow,18/09/20,,52,,,,6.5,3.5,5,,,,-16.80,-123.1,11.3,-0.860388485,,,,,,,,,,,,,,,,,,,,,,,,,,,,,,,,,,,,,,,,,,,,,
SLF,686,PS122dO18_0686,PS122-5_62-119,5,62,SNOW5_RADST_POND,,89.07,107.23,Snow,18/09/20,,52,,,,7,4,5.5,,,,-15.00,-116.9,3.1,-0.860388485,,,,,,,,,,,,,,,,,,,,,,,,,,,,,,,,,,,,,,,,,,,,,
SLF,705,PS122dO18_0705,PS122-5_62-124,5,62,SNOW5_MET,,89.07,107.34,Snow,18/09/20,,52,,,,6.5,4,5.25,,,,-16.10,-124.3,4.5,-0.860388485,,,,,,,,,,,,,,,,,,,,,,,,,,,,,,,,,,,,,,,,,,,,,
SLF,641,PS122dO18_0641,PS122-5_63-96,5,63,SNOW5_ICESTATION1,,86.01,59.43,Snow,24/09/20,,53,,,,7.5,4.5,6,,,,-13.60,-98.1,10.7,,,,,,,,,,,,,,,,,,,,,,,,,,,,,,,,,,,,,,,,,,,,,,
SLF,654,PS122dO18_0654,PS122-5_63-96,5,63,SNOW5_ICESTATION1,,86.01,59.43,Snow,24/09/20,,53,,,,7.5,5,6.25,,,,-11.90,-88,7.2,,,,,,,,,,,,,,,,,,,,,,,,,,,,,,,,,,,,,,,,,,,,,,
SLF,643,PS122dO18_0643,PS122-5_63-97,5,63,SNOW5_ICESTATION2,,86.03,35.54,Snow,26/09/20,,53,,,,12,9,10.5,,,,-12.60,-92.4,8.4,,,,,,,,,,,,,,,,,,,,,,,,,,,,,,,,,,,,,,,,,,,,,,
SLF,671,PS122dO18_0671,PS122-5_63-262,5,63,SNOW5_ICESTATION3,,81.73,1.63,Snow,30/09/20,,53,,,,7,4,5.5,,,,-18.60,-138.6,10.2,,,,,,,,,,,,,,,,,,,,,,,,,,,,,,,,,,,,,,,,,,,,,,
